<?xml version="1.0" encoding="UTF-8"?>
<addon id="plugin.video.vavooto" name="VAVOO.TO" version="2025.11.10-2" provider-name="edit by der andere">
	<requires>
		<import addon="script.module.requests"/>
		<import addon="script.module.resolveurl"/>
		<import addon="script.module.dateutil"/>
		<import addon="inputstream.adaptive"/>
		<import addon="inputstream.ffmpegdirect"/>
		<import addon="script.module.infotagger"/>
	</requires>
	<extension point="xbmc.python.pluginsource" library="resources/main.py">
		<provides>video</provides>
	</extension>
	<extension point="xbmc.service" library="resources/service.py" start="startup" /> <!-- edit by der andere -->
	<extension point="xbmc.python.module" library="resources" />
	<extension point="xbmc.addon.metadata">
		<assets>
			<icon>icon.png</icon>
		</assets>
	</extension>
</addon>
